{
  "V1_CASR": {
    "Common": {
      "cold_start_rate": 90.93,
      "avg_cold_start_overhead": 10.087608697780151,
      "p95_latency": 28.441067929548243,
      "p99_latency": 43.11324664440231,
      "container_utilization_rate": 9.07,
      "resource_utilization_efficiency": 84.6123906386138,
      "avg_wasted_memory_time": 0.0,
      "avg_response_time": 10.170005102906428,
      "sla_violation_rate": 78.359,
      "throughput": 27.777822074516347,
      "successful_execution_ratio": 100.0,
      "energy_per_request": 0.0015890632973292636,
      "co2_estimate": 37.02517482777184,
      "burst_handling_efficiency": 100.0,
      "scaling_accuracy": 48.14500000000001,
      "elasticity_score": 90.0,
      "total_energy": 158.90632973292637,
      "tpi": 39.843
    },
    "Significant": {
      "cold_start_rate": 96.06099999999999,
      "avg_cold_start_overhead": 11.089930036714204,
      "p95_latency": 30.313529623535352,
      "p99_latency": 51.834729275504586,
      "container_utilization_rate": 3.939,
      "resource_utilization_efficiency": 83.88403200357017,
      "avg_wasted_memory_time": 0.0,
      "avg_response_time": 11.645421254611719,
      "sla_violation_rate": 86.477,
      "throughput": 27.77790320803226,
      "successful_execution_ratio": 100.0,
      "energy_per_request": 0.0018195970710329966,
      "co2_estimate": 42.39661175506882,
      "burst_handling_efficiency": 100.0,
      "scaling_accuracy": 55.00266666666666,
      "elasticity_score": 95.0,
      "total_energy": 181.95970710329965,
      "tpi": 36.828
    },
    "Random": {
      "cold_start_rate": 81.38499999999999,
      "avg_cold_start_overhead": 11.851156186313146,
      "p95_latency": 33.18187969911378,
      "p99_latency": 53.12520291911782,
      "container_utilization_rate": 18.615000000000002,
      "resource_utilization_efficiency": 86.00153082736401,
      "avg_wasted_memory_time": 0.0,
      "avg_response_time": 10.638666872367885,
      "sla_violation_rate": 70.16799999999999,
      "throughput": 27.777918901470667,
      "successful_execution_ratio": 100.0,
      "energy_per_request": 0.001662291698807488,
      "co2_estimate": 38.73139658221447,
      "burst_handling_efficiency": 100.0,
      "scaling_accuracy": 61.85375,
      "elasticity_score": 94.0,
      "total_energy": 166.2291698807488,
      "tpi": 44.076
    }
  },
  "V2_SAC_Only": {
    "Common": {
      "cold_start_rate": 89.999,
      "avg_cold_start_overhead": 10.103561852048022,
      "p95_latency": 28.441067929548243,
      "p99_latency": 43.11324664440231,
      "container_utilization_rate": 10.001,
      "resource_utilization_efficiency": 84.7459063491204,
      "avg_wasted_memory_time": 0.0,
      "avg_response_time": 10.090447145239608,
      "sla_violation_rate": 77.526,
      "throughput": 27.777822074516347,
      "successful_execution_ratio": 100.0,
      "energy_per_request": 0.0015766323664438283,
      "co2_estimate": 36.735534138141205,
      "burst_handling_efficiency": 100.0,
      "scaling_accuracy": 44.913,
      "elasticity_score": 90.0,
      "total_energy": 157.66323664438283,
      "tpi": 40.262
    },
    "Significant": {
      "cold_start_rate": 93.693,
      "avg_cold_start_overhead": 11.134976957168197,
      "p95_latency": 30.189862357063795,
      "p99_latency": 51.834729275504586,
      "container_utilization_rate": 6.307,
      "resource_utilization_efficiency": 84.21861130260514,
      "avg_wasted_memory_time": 0.0,
      "avg_response_time": 11.425017522523213,
      "sla_violation_rate": 84.465,
      "throughput": 27.77790320803226,
      "successful_execution_ratio": 100.0,
      "energy_per_request": 0.0017851589878941758,
      "co2_estimate": 41.5942044179343,
      "burst_handling_efficiency": 100.0,
      "scaling_accuracy": 75.0,
      "elasticity_score": 20.0,
      "total_energy": 178.51589878941758,
      "tpi": 37.872
    },
    "Random": {
      "cold_start_rate": 74.276,
      "avg_cold_start_overhead": 12.208789752245071,
      "p95_latency": 32.67849461641215,
      "p99_latency": 53.12520291911782,
      "container_utilization_rate": 25.724000000000004,
      "resource_utilization_efficiency": 87.06614937775441,
      "avg_wasted_memory_time": 0.0,
      "avg_response_time": 10.061804086514398,
      "sla_violation_rate": 63.944,
      "throughput": 27.777918901470667,
      "successful_execution_ratio": 100.0,
      "energy_per_request": 0.0015721568885179412,
      "co2_estimate": 36.63125550246803,
      "burst_handling_efficiency": 100.0,
      "scaling_accuracy": 35.682,
      "elasticity_score": 80.0,
      "total_energy": 157.2156888517941,
      "tpi": 47.258
    }
  },
  "V3_Transformer_PPO": {
    "Common": {
      "cold_start_rate": 90.102,
      "avg_cold_start_overhead": 10.108349970061756,
      "p95_latency": 28.441067929548243,
      "p99_latency": 43.11324664440231,
      "container_utilization_rate": 9.898,
      "resource_utilization_efficiency": 84.73111428206506,
      "avg_wasted_memory_time": 0.0,
      "avg_response_time": 10.10516800404001,
      "sla_violation_rate": 77.652,
      "throughput": 27.777822074516347,
      "successful_execution_ratio": 100.0,
      "energy_per_request": 0.001578932500631388,
      "co2_estimate": 36.78912726471134,
      "burst_handling_efficiency": 100.0,
      "scaling_accuracy": 77.85400000000001,
      "elasticity_score": 100.0,
      "total_energy": 157.8932500631388,
      "tpi": 40.209
    },
    "Significant": {
      "cold_start_rate": 94.34700000000001,
      "avg_cold_start_overhead": 11.119299811784128,
      "p95_latency": 30.306685067177185,
      "p99_latency": 51.834729275504586,
      "container_utilization_rate": 5.653,
      "resource_utilization_efficiency": 84.1259398971952,
      "avg_wasted_memory_time": 0.0,
      "avg_response_time": 11.483049355467667,
      "sla_violation_rate": 85.027,
      "throughput": 27.77790320803226,
      "successful_execution_ratio": 100.0,
      "energy_per_request": 0.001794226461791736,
      "co2_estimate": 41.80547655974745,
      "burst_handling_efficiency": 100.0,
      "scaling_accuracy": 71.91857142857143,
      "elasticity_score": 96.0,
      "total_energy": 179.4226461791736,
      "tpi": 37.582
    },
    "Random": {
      "cold_start_rate": 74.935,
      "avg_cold_start_overhead": 12.1630842236609,
      "p95_latency": 32.67849461641215,
      "p99_latency": 53.12520291911782,
      "container_utilization_rate": 25.064999999999998,
      "resource_utilization_efficiency": 86.9663527182404,
      "avg_wasted_memory_time": 0.0,
      "avg_response_time": 10.108010573137165,
      "sla_violation_rate": 64.63,
      "throughput": 27.777918901470667,
      "successful_execution_ratio": 100.0,
      "energy_per_request": 0.0015793766520527325,
      "co2_estimate": 36.79947599282867,
      "burst_handling_efficiency": 100.0,
      "scaling_accuracy": 31.34111111111111,
      "elasticity_score": 92.0,
      "total_energy": 157.93766520527325,
      "tpi": 46.941
    }
  },
  "V4_Full_TASCAR": {
    "Common": {
      "cold_start_rate": 73.933,
      "avg_cold_start_overhead": 10.228426180246796,
      "p95_latency": 27.144028353854072,
      "p99_latency": 40.15396213677319,
      "container_utilization_rate": 26.067,
      "resource_utilization_efficiency": 87.118182784501,
      "avg_wasted_memory_time": 0.0,
      "avg_response_time": 8.559524841857142,
      "sla_violation_rate": 62.993,
      "throughput": 27.777822074516347,
      "successful_execution_ratio": 100.0,
      "energy_per_request": 0.0013374257565402314,
      "co2_estimate": 31.162020127387393,
      "burst_handling_efficiency": 100.0,
      "scaling_accuracy": 22.716000000000008,
      "elasticity_score": 80.0,
      "total_energy": 133.74257565402314,
      "tpi": 47.541
    },
    "Significant": {
      "cold_start_rate": 75.69900000000001,
      "avg_cold_start_overhead": 11.461951390893113,
      "p95_latency": 29.009387457033817,