{
  "V1_CASR": {
    "Common": {
      "cold_start_rate": 88.672,
      "avg_cold_start_overhead": 10.089020307887079,
      "p95_latency": 28.34388841466938,
      "p99_latency": 43.11324664440231,
      "container_utilization_rate": 11.328000000000001,
      "resource_utilization_efficiency": 84.93694281378046,
      "avg_wasted_memory_time": 0.0,
      "avg_response_time": 9.943478601424665,
      "sla_violation_rate": 76.266,
      "throughput": 27.777822074516347,
      "successful_execution_ratio": 100.0,
      "energy_per_request": 0.0015536685314726992,
      "co2_estimate": 36.200476783313896,
      "burst_handling_efficiency": 100.0,
      "scaling_accuracy": 48.14500000000001,
      "elasticity_score": 90.0,
      "total_energy": 155.36685314726992,
      "tpi": 40.875
    },
    "Significant": {
      "cold_start_rate": 96.126,
      "avg_cold_start_overhead": 11.08716052792704,
      "p95_latency": 30.313529623535352,
      "p99_latency": 51.834729275504586,
      "container_utilization_rate": 3.8739999999999997,
      "resource_utilization_efficiency": 83.87488551091589,
      "avg_wasted_memory_time": 0.0,
      "avg_response_time": 11.649967491118923,
      "sla_violation_rate": 86.543,
      "throughput": 27.77790320803226,
      "successful_execution_ratio": 100.0,
      "energy_per_request": 0.001820307420487244,
      "co2_estimate": 42.413162897352784,
      "burst_handling_efficiency": 100.0,
      "scaling_accuracy": 55.00266666666666,
      "elasticity_score": 95.0,
      "total_energy": 182.0307420487244,
      "tpi": 36.797
    },
    "Random": {
      "cold_start_rate": 81.281,
      "avg_cold_start_overhead": 9.802613567720416,
      "p95_latency": 28.936721012347494,
      "p99_latency": 45.950397699009734,
      "container_utilization_rate": 18.719,
      "resource_utilization_efficiency": 86.01691780751133,
      "avg_wasted_memory_time": 0.0,
      "avg_response_time": 8.992073414376467,
      "sla_violation_rate": 67.506,
      "throughput": 27.778033833275337,
      "successful_execution_ratio": 100.0,
      "energy_per_request": 0.0014050114709964689,
      "co2_estimate": 32.736767274217726,
      "burst_handling_efficiency": 100.0,
      "scaling_accuracy": 61.85375,
      "elasticity_score": 94.0,
      "total_energy": 140.5011470996469,
      "tpi": 44.637
    }
  },
  "V2_SAC_Only": {
    "Common": {
      "cold_start_rate": 84.80199999999999,
      "avg_cold_start_overhead": 10.152568355031415,
      "p95_latency": 28.11118549636951,
      "p99_latency": 41.5569672644041,
      "container_utilization_rate": 15.198,
      "resource_utilization_efficiency": 85.49902360126933,
      "avg_wasted_memory_time": 0.0,
      "avg_response_time": 9.606923530448778,
      "sla_violation_rate": 72.849,
      "throughput": 27.777822074516347,
      "successful_execution_ratio": 100.0,
      "energy_per_request": 0.001501081801632718,
      "co2_estimate": 34.975205978042325,
      "burst_handling_efficiency": 100.0,
      "scaling_accuracy": 33.373,
      "elasticity_score": 90.0,
      "total_energy": 150.10818016327178,
      "tpi": 42.61
    },
    "Significant": {
      "cold_start_rate": 94.611,
      "avg_cold_start_overhead": 11.129743567104907,
      "p95_latency": 30.306685067177185,
      "p99_latency": 51.834729275504586,
      "container_utilization_rate": 5.389,
      "resource_utilization_efficiency": 84.08858901042666,
      "avg_wasted_memory_time": 0.0,
      "avg_response_time": 11.52228524831736,
      "sla_violation_rate": 85.336,
      "throughput": 27.77790320803226,
      "successful_execution_ratio": 100.0,
      "energy_per_request": 0.0018003570700494973,
      "co2_estimate": 41.94831973215329,
      "burst_handling_efficiency": 100.0,
      "scaling_accuracy": 75.0,
      "elasticity_score": 20.0,
      "total_energy": 180.03570700494973,
      "tpi": 37.449
    },
    "Random": {
      "cold_start_rate": 74.205,
      "avg_cold_start_overhead": 10.040975234422257,
      "p95_latency": 28.936721012347494,
      "p99_latency": 44.33612729627262,
      "container_utilization_rate": 25.795,
      "resource_utilization_efficiency": 87.0769150391583,
      "avg_wasted_memory_time": 0.0,
      "avg_response_time": 8.475316753100845,
      "sla_violation_rate": 61.476,
      "throughput": 27.778033833275337,
      "successful_execution_ratio": 100.0,
      "energy_per_request": 0.0013242682426721807,
      "co2_estimate": 30.855450054261816,
      "burst_handling_efficiency": 100.0,
      "scaling_accuracy": 35.682,
      "elasticity_score": 80.0,
      "total_energy": 132.42682426721808,
      "tpi": 47.771
    }
  },
  "V3_Transformer_PPO": {
    "Common": {
      "cold_start_rate": 87.912,
      "avg_cold_start_overhead": 10.109227869300504,
      "p95_latency": 28.34332813083589,
      "p99_latency": 43.11324664440231,
      "container_utilization_rate": 12.088000000000001,
      "resource_utilization_efficiency": 85.0467416893554,
      "avg_wasted_memory_time": 0.0,
      "avg_response_time": 9.884566918474489,
      "sla_violation_rate": 75.6,
      "throughput": 27.777822074516347,
      "successful_execution_ratio": 100.0,
      "energy_per_request": 0.0015444635810117464,
      "co2_estimate": 35.98600143757369,
      "burst_handling_efficiency": 100.0,
      "scaling_accuracy": 77.85400000000001,
      "elasticity_score": 100.0,
      "total_energy": 154.44635810117464,
      "tpi": 41.215
    },
    "Significant": {
      "cold_start_rate": 95.094,
      "avg_cold_start_overhead": 11.115299967836606,
      "p95_latency": 30.30987892745672,
      "p99_latency": 51.834729275504586,
      "container_utilization_rate": 4.906,
      "resource_utilization_efficiency": 84.02033964395429,
      "avg_wasted_memory_time": 0.0,
      "avg_response_time": 11.562306913458276,
      "sla_violation_rate": 85.746,
      "throughput": 27.77790320803226,
      "successful_execution_ratio": 100.0,
      "energy_per_request": 0.0018066104552277658,
      "co2_estimate": 42.09402360680695,
      "burst_handling_efficiency": 100.0,
      "scaling_accuracy": 71.91857142857143,
      "elasticity_score": 96.0,
      "total_energy": 180.6610455227766,
      "tpi": 37.236
    },
    "Random": {
      "cold_start_rate": 70.587,
      "avg_cold_start_overhead": 10.148578332168972,
      "p95_latency": 28.936721012347494,
      "p99_latency": 44.33612729627262,
      "container_utilization_rate": 29.413,
      "resource_utilization_efficiency": 87.62905569187389,
      "avg_wasted_memory_time": 0.0,
      "avg_response_time": 8.187988067726135,
      "sla_violation_rate": 58.399,
      "throughput": 27.778033833275337,
      "successful_execution_ratio": 100.0,
      "energy_per_request": 0.0012793731355823506,
      "co2_estimate": 29.809394059068772,
      "burst_handling_efficiency": 100.0,
      "scaling_accuracy": 31.34111111111111,
      "elasticity_score": 92.0,
      "total_energy": 127.93731355823506,
      "tpi": 49.373
    }
  },
  "V4_Full_TASCAR": {
    "Common": {
      "cold_start_rate": 70.41199999999999,
      "avg_cold_start_overhead": 10.226163801485063,
      "p95_latency": 26.713408785202443,
      "p99_latency": 40.12726663395716,
      "container_utilization_rate": 29.587999999999997,
      "resource_utilization_efficiency": 87.6559399172056,
      "avg_wasted_memory_time": 0.0,
      "avg_response_time": 8.197788969917008,
      "sla_violation_rate": 59.763999999999996,
      "throughput": 27.777822074516347,
      "successful_execution_ratio": 100.0,
      "energy_per_request": 0.0012809045265495672,
      "co2_estimate": 29.845075468604918,
      "burst_handling_efficiency": 100.0,
      "scaling_accuracy": 22.716000000000008,
      "elasticity_score": 80.0,
      "total_energy": 128.09045265495672,
      "tpi": 49.148
    },
    "Significant": {
      "cold_start_rate": 74.90599999999999,
      "avg_cold_start_overhead": 11.466651948421994,
      "p95_latency": 28.97373534783105,