{
  "Default (L=10, Ly=2, H=4)": {
    "csr": 72.111,
    "diff": 0.0
  },
  "Seq=5": {
    "csr": 94.921,
    "diff": 22.810000000000002
  },
  "Seq=15": {
    "csr": 73.535,
    "diff": 1.4239999999999924
  },
  "Seq=20": {
    "csr": 74.124,
    "diff": 2.012999999999991
  },
  "Layers=1": {
    "csr": 93.817,
    "diff": 21.70599999999999
  },
  "Layers=4": {
    "csr": 76.616,
    "diff": 4.5049999999999955
  },
  "Heads=2": {
    "csr": 95.017,
    "diff": 22.90599999999999
  },
  "Heads=8": {
    "csr": 92.66,
    "diff": 20.548999999999992
  }
}