{
  "Common": {
    "CASR": {
      "cold_start_rate": 87.578,
      "avg_cold_start_overhead": 10.141685631750427,
      "p95_latency": 28.34332813083589,
      "p99_latency": 43.11324664440231,
      "container_utilization_rate": 12.422,
      "resource_utilization_efficiency": 85.09508524838111,
      "avg_wasted_memory_time": 0.0,
      "avg_response_time": 9.879227956589407,
      "sla_violation_rate": 75.362,
      "throughput": 27.777822074516347,
      "successful_execution_ratio": 100.0,
      "energy_per_request": 0.0015436293682171965,
      "co2_estimate": 35.96656427946068,
      "burst_handling_efficiency": 100.0,
      "scaling_accuracy": 71.578,
      "elasticity_score": 90.0,
      "total_energy": 154.36293682171964,
      "tpi": 41.353,
      "agi": 0.0
    },
    "TASCAR": {
      "cold_start_rate": 71.381,
      "avg_cold_start_overhead": 10.241873034569325,
      "p95_latency": 26.971249028794244,
      "p99_latency": 40.12726663395716,
      "container_utilization_rate": 28.619,
      "resource_utilization_efficiency": 87.50728498157049,
      "avg_wasted_memory_time": 0.0,
      "avg_response_time": 8.308093904821224,
      "sla_violation_rate": 60.728,
      "throughput": 27.777822074516347,
      "successful_execution_ratio": 100.0,
      "energy_per_request": 0.0012981396726283493,
      "co2_estimate": 30.24665437224054,
      "burst_handling_efficiency": 100.0,
      "scaling_accuracy": 19.93,
      "elasticity_score": 90.0,
      "total_energy": 129.81396726283492,
      "tpi": 48.691,
      "agi": 18.494370732375714
    }
  },
  "Significant": {
    "CASR": {
      "cold_start_rate": 92.795,
      "avg_cold_start_overhead": 11.147863251052629,
      "p95_latency": 30.044951595684363,
      "p99_latency": 51.834729275504586,
      "container_utilization_rate": 7.205,
      "resource_utilization_efficiency": 84.34619050443615,
      "avg_wasted_memory_time": 0.0,
      "avg_response_time": 11.336983265857954,
      "sla_violation_rate": 83.76599999999999,
      "throughput": 27.77790320803226,
      "successful_execution_ratio": 100.0,
      "energy_per_request": 0.0017714036352902277,
      "co2_estimate": 41.27370470226231,
      "burst_handling_efficiency": 100.0,
      "scaling_accuracy": 73.57888888888891,
      "elasticity_score": 92.0,
      "total_energy": 177.14036352902278,
      "tpi": 38.256,
      "agi": 0.0
    },
    "TASCAR": {
      "cold_start_rate": 75.048,
      "avg_cold_start_overhead": 11.473495204141866,
      "p95_latency": 28.97373534783105,
      "p99_latency": 49.73020868496683,
      "container_utilization_rate": 24.951999999999998,
      "resource_utilization_efficiency": 86.94926336594126,
      "avg_wasted_memory_time": 0.0,
      "avg_response_time": 9.602952242847763,
      "sla_violation_rate": 67.902,
      "throughput": 27.77790320803226,
      "successful_execution_ratio": 100.0,
      "energy_per_request": 0.0015004612879449147,
      "co2_estimate": 34.960748009116514,
      "burst_handling_efficiency": 100.0,
      "scaling_accuracy": 19.93,
      "elasticity_score": 90.0,
      "total_energy": 150.04612879449147,
      "tpi": 46.256,
      "agi": 19.124952853063203
    }
  },
  "Random": {
    "CASR": {
      "cold_start_rate": 87.213,
      "avg_cold_start_overhead": 11.002351670250736,
      "p95_latency": 31.277875696991856,
      "p99_latency": 46.382398888612094,
      "container_utilization_rate": 12.787,
      "resource_utilization_efficiency": 85.14797867226092,
      "avg_wasted_memory_time": 0.0,
      "avg_response_time": 10.617206845162993,
      "sla_violation_rate": 74.738,
      "throughput": 27.77818557913438,
      "successful_execution_ratio": 100.0,
      "energy_per_request": 0.0016589385695568266,
      "co2_estimate": 38.65326867067406,
      "burst_handling_efficiency": 100.0,
      "scaling_accuracy": 82.625,
      "elasticity_score": 90.0,
      "total_energy": 165.89385695568265,
      "tpi": 41.577,
      "agi": 0.0
    },
    "TASCAR": {
      "cold_start_rate": 71.019,
      "avg_cold_start_overhead": 11.65060462294621,
      "p95_latency": 30.038551000834296,
      "p99_latency": 46.382398888612094,
      "container_utilization_rate": 28.981,
      "resource_utilization_efficiency": 87.56276060876593,
      "avg_wasted_memory_time": 0.0,
      "avg_response_time": 9.295868780157752,
      "sla_violation_rate": 60.38400000000001,
      "throughput": 27.77818557913438,
      "successful_execution_ratio": 100.0,
      "energy_per_request": 0.0014524794968996783,
      "co2_estimate": 33.842772277762506,
      "burst_handling_efficiency": 100.0,
      "scaling_accuracy": 19.93,
      "elasticity_score": 90.0,
      "total_energy": 145.24794968996784,
      "tpi": 48.858,
      "agi": 18.568332702693393
    }
  }
}