{
  "Common": {
    "CASR": {
      "cold_start_rate": 87.543,
      "avg_cold_start_overhead": 10.13953972073484,
      "p95_latency": 28.34332813083589,
      "p99_latency": 43.11324664440231,
      "container_utilization_rate": 12.457,
      "resource_utilization_efficiency": 85.10015437180424,
      "avg_wasted_memory_time": 0.0,
      "avg_response_time": 9.873799771737934,
      "sla_violation_rate": 75.36,
      "throughput": 27.777822074516347,
      "successful_execution_ratio": 100.0,
      "energy_per_request": 0.0015427812143341672,
      "co2_estimate": 35.946802293986096,
      "burst_handling_efficiency": 100.0,
      "scaling_accuracy": 73.012,
      "elasticity_score": 90.0,
      "total_energy": 154.27812143341671,
      "tpi": 41.363,
      "agi": 0.0
    },
    "TASCAR": {
      "cold_start_rate": 71.381,
      "avg_cold_start_overhead": 10.241873034569325,
      "p95_latency": 26.971249028794244,
      "p99_latency": 40.12726663395716,
      "container_utilization_rate": 28.619,
      "resource_utilization_efficiency": 87.50728498157049,
      "avg_wasted_memory_time": 0.0,
      "avg_response_time": 8.308093904821224,
      "sla_violation_rate": 60.728,
      "throughput": 27.777822074516347,
      "successful_execution_ratio": 100.0,
      "energy_per_request": 0.0012981396726283493,
      "co2_estimate": 30.24665437224054,
      "burst_handling_efficiency": 100.0,
      "scaling_accuracy": 17.401999999999997,
      "elasticity_score": 80.0,
      "total_energy": 129.81396726283492,
      "tpi": 48.691,
      "agi": 18.461784494477005
    }
  },
  "Significant": {
    "CASR": {
      "cold_start_rate": 95.735,
      "avg_cold_start_overhead": 11.083034043759326,
      "p95_latency": 30.30987892745672,
      "p99_latency": 51.834729275504586,
      "container_utilization_rate": 4.265,
      "resource_utilization_efficiency": 83.9299352901533,
      "avg_wasted_memory_time": 0.0,
      "avg_response_time": 11.602666203836755,
      "sla_violation_rate": 86.23100000000001,
      "throughput": 27.77790320803226,
      "successful_execution_ratio": 100.0,
      "energy_per_request": 0.0018129165943494055,
      "co2_estimate": 42.240956648341154,
      "burst_handling_efficiency": 100.0,
      "scaling_accuracy": 54.073043478260885,
      "elasticity_score": 87.0,
      "total_energy": 181.29165943494056,
      "tpi": 36.965,
      "agi": 0.0
    },
    "TASCAR": {
      "cold_start_rate": 75.048,
      "avg_cold_start_overhead": 11.473495204141866,
      "p95_latency": 28.97373534783105,
      "p99_latency": 49.73020868496683,
      "container_utilization_rate": 24.951999999999998,
      "resource_utilization_efficiency": 86.94926336594126,
      "avg_wasted_memory_time": 0.0,
      "avg_response_time": 9.602952242847763,
      "sla_violation_rate": 67.902,
      "throughput": 27.77790320803226,
      "successful_execution_ratio": 100.0,
      "energy_per_request": 0.0015004612879449147,
      "co2_estimate": 34.960748009116514,
      "burst_handling_efficiency": 100.0,
      "scaling_accuracy": 17.401999999999997,
      "elasticity_score": 80.0,
      "total_energy": 150.04612879449147,
      "tpi": 46.256,
      "agi": 21.608607092494907
    }
  },
  "Random": {
    "CASR": {
      "cold_start_rate": 86.113,
      "avg_cold_start_overhead": 11.122898811843804,
      "p95_latency": 31.277875696991856,
      "p99_latency": 46.382398888612094,
      "container_utilization_rate": 13.886999999999999,
      "resource_utilization_efficiency": 85.30778194660964,
      "avg_wasted_memory_time": 0.0,
      "avg_response_time": 10.599987736830215,
      "sla_violation_rate": 73.937,
      "throughput": 27.77818557913438,
      "successful_execution_ratio": 100.0,
      "energy_per_request": 0.001656248083879827,
      "co2_estimate": 38.590580354399975,
      "burst_handling_efficiency": 100.0,
      "scaling_accuracy": 60.486315789473686,
      "elasticity_score": 91.0,
      "total_energy": 165.6248083879827,
      "tpi": 42.036,
      "agi": 0.0
    },
    "TASCAR": {
      "cold_start_rate": 71.019,
      "avg_cold_start_overhead": 11.65060462294621,
      "p95_latency": 30.038551000834296,
      "p99_latency": 46.382398888612094,
      "container_utilization_rate": 28.981,
      "resource_utilization_efficiency": 87.56276060876593,
      "avg_wasted_memory_time": 0.0,
      "avg_response_time": 9.295868780157752,
      "sla_violation_rate": 60.38400000000001,
      "throughput": 27.77818557913438,
      "successful_execution_ratio": 100.0,
      "energy_per_request": 0.0014524794968996783,
      "co2_estimate": 33.842772277762506,
      "burst_handling_efficiency": 100.0,
      "scaling_accuracy": 17.401999999999997,
      "elasticity_score": 80.0,
      "total_energy": 145.24794968996784,
      "tpi": 48.858,
      "agi": 17.528131640983354
    }
  }
}