{
  "Common": {
    "CASR": {
      "cold_start_rate": 91.146,
      "avg_cold_start_overhead": 10.07099904362864,
      "p95_latency": 28.441067929548243,
      "p99_latency": 43.11324664440231,
      "container_utilization_rate": 8.854,
      "resource_utilization_efficiency": 84.58147395072673,
      "avg_wasted_memory_time": 0.0,
      "avg_response_time": 10.176655302320718,
      "sla_violation_rate": 78.46499999999999,
      "throughput": 27.777822074516347,
      "successful_execution_ratio": 100.0,
      "energy_per_request": 0.001590102390987737,
      "co2_estimate": 37.04938571001427,
      "burst_handling_efficiency": 100.0,
      "scaling_accuracy": 71.024,
      "elasticity_score": 90.0,
      "total_energy": 159.0102390987737,
      "tpi": 39.763,
      "agi": 0.0
    },
    "TASCAR": {
      "cold_start_rate": 71.384,
      "avg_cold_start_overhead": 10.243502999625793,
      "p95_latency": 26.971249028794244,
      "p99_latency": 40.12726663395716,
      "container_utilization_rate": 28.616000000000003,
      "resource_utilization_efficiency": 87.50682553248731,
      "avg_wasted_memory_time": 0.0,
      "avg_response_time": 8.309564695268174,
      "sla_violation_rate": 60.731,
      "throughput": 27.777822074516347,
      "successful_execution_ratio": 100.0,
      "energy_per_request": 0.0012983694836356844,
      "co2_estimate": 30.252008968711447,
      "burst_handling_efficiency": 100.0,
      "scaling_accuracy": 12.353000000000002,
      "elasticity_score": 90.0,
      "total_energy": 129.83694836356844,
      "tpi": 48.689,
      "agi": 21.681697496324578
    }
  },
  "Significant": {
    "CASR": {
      "cold_start_rate": 94.30199999999999,
      "avg_cold_start_overhead": 11.106534572151777,
      "p95_latency": 30.044951595684363,
      "p99_latency": 51.834729275504586,
      "container_utilization_rate": 5.698,
      "resource_utilization_efficiency": 84.13230983587172,
      "avg_wasted_memory_time": 0.0,
      "avg_response_time": 11.466007794274399,
      "sla_violation_rate": 85.013,
      "throughput": 27.77790320803226,
      "successful_execution_ratio": 100.0,
      "energy_per_request": 0.0017915637178552782,
      "co2_estimate": 41.743434626027984,
      "burst_handling_efficiency": 100.0,
      "scaling_accuracy": 80.07263157894737,
      "elasticity_score": 91.0,
      "total_energy": 179.15637178552782,
      "tpi": 37.597,
      "agi": 0.0
    },
    "TASCAR": {
      "cold_start_rate": 75.03800000000001,
      "avg_cold_start_overhead": 11.467702538811567,
      "p95_latency": 28.957411794149518,
      "p99_latency": 49.73020868496683,
      "container_utilization_rate": 24.962,
      "resource_utilization_efficiency": 86.95077542711574,
      "avg_wasted_memory_time": 0.0,
      "avg_response_time": 9.597458193116797,
      "sla_violation_rate": 67.892,
      "throughput": 27.77790320803226,
      "successful_execution_ratio": 100.0,
      "energy_per_request": 0.0014996028426744522,
      "co2_estimate": 34.94074623431474,
      "burst_handling_efficiency": 100.0,
      "scaling_accuracy": 12.353000000000002,
      "elasticity_score": 90.0,
      "total_energy": 149.96028426744522,
      "tpi": 46.26,
      "agi": 20.4279866810884
    }
  },
  "Random": {
    "CASR": {
      "cold_start_rate": 78.905,
      "avg_cold_start_overhead": 11.32337689774397,
      "p95_latency": 30.969788355531442,
      "p99_latency": 46.382398888612094,
      "container_utilization_rate": 21.095,
      "resource_utilization_efficiency": 86.36995707424356,
      "avg_wasted_memory_time": 0.0,
      "avg_response_time": 9.956436424152237,
      "sla_violation_rate": 67.467,
      "throughput": 27.77818557913438,
      "successful_execution_ratio": 100.0,
      "energy_per_request": 0.0015556931912738628,
      "co2_estimate": 36.247651356681004,
      "burst_handling_efficiency": 100.0,
      "scaling_accuracy": 50.315454545454536,
      "elasticity_score": 88.0,
      "total_energy": 155.56931912738628,
      "tpi": 45.291,
      "agi": 0.0
    },
    "TASCAR": {
      "cold_start_rate": 71.02199999999999,
      "avg_cold_start_overhead": 11.65272857015631,
      "p95_latency": 30.236747103855073,
      "p99_latency": 46.382398888612094,
      "container_utilization_rate": 28.977999999999998,
      "resource_utilization_efficiency": 87.5623005769601,
      "avg_wasted_memory_time": 0.0,
      "avg_response_time": 9.297726768083999,
      "sla_violation_rate": 60.387,
      "throughput": 27.77818557913438,
      "successful_execution_ratio": 100.0,
      "energy_per_request": 0.0014527698075131542,
      "co2_estimate": 33.84953651505649,
      "burst_handling_efficiency": 100.0,
      "scaling_accuracy": 12.353000000000002,
      "elasticity_score": 90.0,
      "total_energy": 145.27698075131542,
      "tpi": 48.857,
      "agi": 9.990494898929105
    }
  }
}