{
  "Common": {
    "CASR": {
      "cold_start_rate": 90.005,
      "avg_cold_start_overhead": 10.09223549733693,
      "p95_latency": 28.441067929548243,
      "p99_latency": 43.11324664440231,
      "container_utilization_rate": 9.995,
      "resource_utilization_efficiency": 84.74504453364872,
      "avg_wasted_memory_time": 0.0,
      "avg_response_time": 10.080859073393055,
      "sla_violation_rate": 77.49000000000001,
      "throughput": 27.777822074516347,
      "successful_execution_ratio": 100.0,
      "energy_per_request": 0.00157513423021779,
      "co2_estimate": 36.70062756407451,
      "burst_handling_efficiency": 100.0,
      "scaling_accuracy": 59.94380952380952,
      "elasticity_score": 89.0,
      "total_energy": 157.513423021779,
      "tpi": 40.268,
      "agi": 0.0
    },
    "TASCAR": {
      "cold_start_rate": 71.381,
      "avg_cold_start_overhead": 10.241873034569325,
      "p95_latency": 26.971249028794244,
      "p99_latency": 40.12726663395716,
      "container_utilization_rate": 28.619,
      "resource_utilization_efficiency": 87.50728498157049,
      "avg_wasted_memory_time": 0.0,
      "avg_response_time": 8.308093904821224,
      "sla_violation_rate": 60.728,
      "throughput": 27.777822074516347,
      "successful_execution_ratio": 100.0,
      "energy_per_request": 0.0012981396726283493,
      "co2_estimate": 30.24665437224054,
      "burst_handling_efficiency": 100.0,
      "scaling_accuracy": 17.401999999999997,
      "elasticity_score": 80.0,
      "total_energy": 129.81396726283492,
      "tpi": 48.691,
      "agi": 20.692183767568466
    }
  },
  "Significant": {
    "CASR": {
      "cold_start_rate": 91.826,
      "avg_cold_start_overhead": 11.164951473234886,
      "p95_latency": 30.032205042299978,
      "p99_latency": 51.834729275504586,
      "container_utilization_rate": 8.174,
      "resource_utilization_efficiency": 84.48429099106248,
      "avg_wasted_memory_time": 0.0,
      "avg_response_time": 11.244651901856296,
      "sla_violation_rate": 82.911,
      "throughput": 27.77790320803226,
      "successful_execution_ratio": 100.0,
      "energy_per_request": 0.0017569768596649756,
      "co2_estimate": 40.93756083019394,
      "burst_handling_efficiency": 100.0,
      "scaling_accuracy": 34.059999999999995,
      "elasticity_score": 89.0,
      "total_energy": 175.69768596649757,
      "tpi": 38.69,
      "agi": 0.0
    },
    "TASCAR": {
      "cold_start_rate": 75.048,
      "avg_cold_start_overhead": 11.473495204141866,
      "p95_latency": 28.97373534783105,
      "p99_latency": 49.73020868496683,
      "container_utilization_rate": 24.951999999999998,
      "resource_utilization_efficiency": 86.94926336594126,
      "avg_wasted_memory_time": 0.0,
      "avg_response_time": 9.602952242847763,
      "sla_violation_rate": 67.902,
      "throughput": 27.77790320803226,
      "successful_execution_ratio": 100.0,
      "energy_per_request": 0.0015004612879449147,
      "co2_estimate": 34.960748009116514,
      "burst_handling_efficiency": 100.0,
      "scaling_accuracy": 17.401999999999997,
      "elasticity_score": 80.0,
      "total_energy": 150.04612879449147,
      "tpi": 46.256,
      "agi": 18.27151351469082
    }
  },
  "Random": {
    "CASR": {
      "cold_start_rate": 75.399,
      "avg_cold_start_overhead": 11.47680037742137,
      "p95_latency": 30.63397736947163,
      "p99_latency": 46.382398888612094,
      "container_utilization_rate": 24.601,
      "resource_utilization_efficiency": 86.89622331644813,
      "avg_wasted_memory_time": 0.0,
      "avg_response_time": 9.675118599559418,
      "sla_violation_rate": 64.338,
      "throughput": 27.77818557913438,
      "successful_execution_ratio": 100.0,
      "energy_per_request": 0.0015117372811812174,
      "co2_estimate": 35.22347865152237,
      "burst_handling_efficiency": 100.0,
      "scaling_accuracy": 40.266666666666666,
      "elasticity_score": 89.0,
      "total_energy": 151.17372811812174,
      "tpi": 46.873,
      "agi": 0.0
    },
    "TASCAR": {
      "cold_start_rate": 71.019,
      "avg_cold_start_overhead": 11.65060462294621,
      "p95_latency": 30.038551000834296,
      "p99_latency": 46.382398888612094,
      "container_utilization_rate": 28.981,
      "resource_utilization_efficiency": 87.56276060876593,
      "avg_wasted_memory_time": 0.0,
      "avg_response_time": 9.295868780157752,
      "sla_violation_rate": 60.38400000000001,
      "throughput": 27.77818557913438,
      "successful_execution_ratio": 100.0,
      "energy_per_request": 0.0014524794968996783,
      "co2_estimate": 33.842772277762506,
      "burst_handling_efficiency": 100.0,
      "scaling_accuracy": 17.401999999999997,
      "elasticity_score": 80.0,
      "total_energy": 145.24794968996784,
      "tpi": 48.858,
      "agi": 5.809095611347625
    }
  }
}