{
  "Common": {
    "CASR": {
      "cold_start_rate": 89.84,
      "avg_cold_start_overhead": 10.080754747368928,
      "p95_latency": 28.34388841466938,
      "p99_latency": 43.11324664440231,
      "container_utilization_rate": 10.16,
      "resource_utilization_efficiency": 84.76875084781462,
      "avg_wasted_memory_time": 0.0,
      "avg_response_time": 10.053892579051288,
      "sla_violation_rate": 77.36800000000001,
      "throughput": 27.777822074516347,
      "successful_execution_ratio": 100.0,
      "energy_per_request": 0.0015709207154768752,
      "co2_estimate": 36.60245267061119,
      "burst_handling_efficiency": 100.0,
      "scaling_accuracy": 48.14500000000001,
      "elasticity_score": 90.0,
      "total_energy": 157.0920715476875,
      "tpi": 40.337,
      "agi": 0.0
    },
    "TASCAR": {
      "cold_start_rate": 72.111,
      "avg_cold_start_overhead": 10.212646197388992,
      "p95_latency": 26.971249028794244,
      "p99_latency": 40.12726663395716,
      "container_utilization_rate": 27.889000000000003,
      "resource_utilization_efficiency": 87.39562777163015,
      "avg_wasted_memory_time": 0.0,
      "avg_response_time": 8.361783813414466,
      "sla_violation_rate": 61.31100000000001,
      "throughput": 27.777822074516347,
      "successful_execution_ratio": 100.0,
      "energy_per_request": 0.0013065287208460549,
      "co2_estimate": 30.44211919571308,
      "burst_handling_efficiency": 100.0,
      "scaling_accuracy": 22.716000000000008,
      "elasticity_score": 80.0,
      "total_energy": 130.6528720846055,
      "tpi": 48.375,
      "agi": 19.733971504897593
    },
    "FaaSCache": {
      "cold_start_rate": 99.99900000000001,
      "avg_cold_start_overhead": 9.646261209874439,
      "avg_wasted_memory_time": 4.956722479053552e-06,
      "total_invocations": 100000.0,
      "total_cold_starts": 99999.0,
      "total_warm_starts": 1.0,
      "total_cold_overhead": 964626.120987444,
      "total_wmt": 0.49567224790535525
    },
    "Hist": {
      "cold_start_rate": 61.214,
      "avg_cold_start_overhead": 5.961890639885163,
      "avg_wasted_memory_time": 24.96995618005149,
      "total_invocations": 100000.0,
      "total_cold_starts": 61214.0,
      "total_warm_starts": 38786.0,
      "total_cold_overhead": 596189.0639885163,
      "total_wmt": 2496995.618005149
    }
  },
  "Significant": {
    "CASR": {
      "cold_start_rate": 92.024,
      "avg_cold_start_overhead": 11.177385090368267,
      "p95_latency": 30.032205042299978,
      "p99_latency": 51.834729275504586,
      "container_utilization_rate": 7.976,
      "resource_utilization_efficiency": 84.45603556625477,
      "avg_wasted_memory_time": 0.0,
      "avg_response_time": 11.278200417604133,
      "sla_violation_rate": 83.086,
      "throughput": 27.77790320803226,
      "successful_execution_ratio": 100.0,
      "energy_per_request": 0.001762218815250568,
      "co2_estimate": 41.05969839533824,
      "burst_handling_efficiency": 100.0,
      "scaling_accuracy": 60.20555555555557,
      "elasticity_score": 92.0,
      "total_energy": 176.2218815250568,
      "tpi": 38.601,
      "agi": 0.0
    },
    "TASCAR": {
      "cold_start_rate": 74.973,
      "avg_cold_start_overhead": 11.48074835109208,
      "p95_latency": 29.009387457033817,
      "p99_latency": 49.73020868496683,
      "container_utilization_rate": 25.027,
      "resource_utilization_efficiency": 86.96060510677448,
      "avg_wasted_memory_time": 0.0,
      "avg_response_time": 9.599785023307609,
      "sla_violation_rate": 67.831,
      "throughput": 27.77790320803226,
      "successful_execution_ratio": 100.0,
      "energy_per_request": 0.001499966409891772,
      "co2_estimate": 34.949217350478285,
      "burst_handling_efficiency": 100.0,
      "scaling_accuracy": 22.716000000000008,
      "elasticity_score": 80.0,
      "total_energy": 149.9966409891772,
      "tpi": 46.29,
      "agi": 18.528862035990613
    },
    "FaaSCache": {
      "cold_start_rate": 100.0,
      "avg_cold_start_overhead": 11.132240791507678,
      "avg_wasted_memory_time": 0.0,
      "total_invocations": 100000.0,
      "total_cold_starts": 100000.0,
      "total_warm_starts": 0.0,
      "total_cold_overhead": 1113224.0791507678,
      "total_wmt": 0.0
    },
    "Hist": {
      "cold_start_rate": 61.641999999999996,
      "avg_cold_start_overhead": 6.9291572310236065,
      "avg_wasted_memory_time": 25.70513022275954,
      "total_invocations": 100000.0,
      "total_cold_starts": 61642.0,
      "total_warm_starts": 38358.0,
      "total_cold_overhead": 692915.7231023606,
      "total_wmt": 2570513.022275954
    }
  },
  "Random": {
    "CASR": {
      "cold_start_rate": 86.051,
      "avg_cold_start_overhead": 10.774741568964432,
      "p95_latency": 30.17351302703789,
      "p99_latency": 41.21160524525938,
      "container_utilization_rate": 13.949,
      "resource_utilization_efficiency": 85.31680689918217,
      "avg_wasted_memory_time": 0.0,
      "avg_response_time": 10.298265116053082,
      "sla_violation_rate": 75.651,
      "throughput": 27.778183333442623,
      "successful_execution_ratio": 100.0,
      "energy_per_request": 0.0016091039243836295,
      "co2_estimate": 37.49212143813857,
      "burst_handling_efficiency": 100.0,
      "scaling_accuracy": 65.30666666666666,
      "elasticity_score": 86.0,
      "total_energy": 160.91039243836295,
      "tpi": 41.71,
      "agi": 0.0
    },
    "TASCAR": {
      "cold_start_rate": 72.37700000000001,
      "avg_cold_start_overhead": 11.325905020972233,
      "p95_latency": 29.975294469434665,
      "p99_latency": 40.81849114882337,
      "container_utilization_rate": 27.622999999999998,
      "resource_utilization_efficiency": 87.3550125180726,
      "avg_wasted_memory_time": 0.0,
      "avg_response_time": 9.223842525572719,
      "sla_violation_rate": 63.317,
      "throughput": 27.778183333442623,
      "successful_execution_ratio": 100.0,
      "energy_per_request": 0.001441225394620992,
      "co2_estimate": 33.58055169466912,
      "burst_handling_efficiency": 100.0,
      "scaling_accuracy": 22.716000000000008,
      "elasticity_score": 80.0,
      "total_energy": 144.1225394620992,
      "tpi": 47.901,
      "agi": 15.890576518576184
    },
    "FaaSCache": {
      "cold_start_rate": 100.0,
      "avg_cold_start_overhead": 10.012302488134832,
      "avg_wasted_memory_time": 2.0731373981639047e-06,
      "total_invocations": 100000.0,
      "total_cold_starts": 100000.0,
      "total_warm_starts": 0.0,
      "total_cold_overhead": 1001230.2488134832,
      "total_wmt": 0.20731373981639045
    },
    "Hist": {
      "cold_start_rate": 61.381,
      "avg_cold_start_overhead": 6.194552579290233,
      "avg_wasted_memory_time": 11.73687077173695,
      "total_invocations": 100000.0,
      "total_cold_starts": 61381.0,
      "total_warm_starts": 38619.0,
      "total_cold_overhead": 619455.2579290234,
      "total_wmt": 1173687.077173695
    }
  },
  "rl_metrics": {
    "training_time_seconds": 4512.317917346954,
    "convergence_episode": -1,
    "best_reward": -0.13511712459519581,
    "total_samples": 50000,
    "sample_efficiency": -0.02702342491903916,
    "final_cumulative_reward": -309.99918979569
  }
}