{
  "Common": {
    "CASR": {
      "cold_start_rate": 89.405,
      "avg_cold_start_overhead": 10.102732910733495,
      "p95_latency": 28.367296784955986,
      "p99_latency": 43.11324664440231,
      "container_utilization_rate": 10.595,
      "resource_utilization_efficiency": 84.83131293435598,
      "avg_wasted_memory_time": 0.0,
      "avg_response_time": 10.02969087285627,
      "sla_violation_rate": 77.026,
      "throughput": 27.777822074516347,
      "successful_execution_ratio": 100.0,
      "energy_per_request": 0.0015671391988839138,
      "co2_estimate": 36.51434333399519,
      "burst_handling_efficiency": 100.0,
      "scaling_accuracy": 48.14500000000001,
      "elasticity_score": 90.0,
      "total_energy": 156.7139198883914,
      "tpi": 40.524,
      "agi": 0.0
    },
    "TASCAR": {
      "cold_start_rate": 72.051,
      "avg_cold_start_overhead": 10.239219451753474,
      "p95_latency": 26.971249028794244,
      "p99_latency": 40.15396213677319,
      "container_utilization_rate": 27.949,
      "resource_utilization_efficiency": 87.40479432787369,
      "avg_wasted_memory_time": 0.0,
      "avg_response_time": 8.374802521198184,
      "sla_violation_rate": 61.292,
      "throughput": 27.777822074516347,
      "successful_execution_ratio": 100.0,
      "energy_per_request": 0.0013085628939372665,
      "co2_estimate": 30.48951542873831,
      "burst_handling_efficiency": 100.0,
      "scaling_accuracy": 22.716000000000008,
      "elasticity_score": 80.0,
      "total_energy": 130.85628939372666,
      "tpi": 48.395,
      "agi": 19.410547508528605
    },
    "FaaSCache": {
      "cold_start_rate": 99.99900000000001,
      "avg_cold_start_overhead": 9.646261209874439,
      "avg_wasted_memory_time": 4.956722479053552e-06,
      "total_invocations": 100000.0,
      "total_cold_starts": 99999.0,
      "total_warm_starts": 1.0,
      "total_cold_overhead": 964626.120987444,
      "total_wmt": 0.49567224790535525
    },
    "Hist": {
      "cold_start_rate": 61.214,
      "avg_cold_start_overhead": 5.961890639885163,
      "avg_wasted_memory_time": 24.96995618005149,
      "total_invocations": 100000.0,
      "total_cold_starts": 61214.0,
      "total_warm_starts": 38786.0,
      "total_cold_overhead": 596189.0639885163,
      "total_wmt": 2496995.618005149
    }
  },
  "Significant": {
    "CASR": {
      "cold_start_rate": 93.194,
      "avg_cold_start_overhead": 11.15599678342488,
      "p95_latency": 30.044951595684363,
      "p99_latency": 51.834729275504586,
      "container_utilization_rate": 6.805999999999999,
      "resource_utilization_efficiency": 84.28945673772445,
      "avg_wasted_memory_time": 0.0,
      "avg_response_time": 11.389043204388653,
      "sla_violation_rate": 84.102,
      "throughput": 27.77790320803226,
      "successful_execution_ratio": 100.0,
      "energy_per_request": 0.001779538000685649,
      "co2_estimate": 41.463235415975625,
      "burst_handling_efficiency": 100.0,
      "scaling_accuracy": 60.20555555555557,
      "elasticity_score": 92.0,
      "total_energy": 177.9538000685649,
      "tpi": 38.08,
      "agi": 0.0
    },
    "TASCAR": {
      "cold_start_rate": 76.414,
      "avg_cold_start_overhead": 11.452154160947115,
      "p95_latency": 29.052991339968873,
      "p99_latency": 49.73020868496683,
      "container_utilization_rate": 23.586,
      "resource_utilization_efficiency": 86.74320887427976,
      "avg_wasted_memory_time": 0.0,
      "avg_response_time": 9.743372642589506,
      "sla_violation_rate": 69.121,
      "throughput": 27.77790320803226,
      "successful_execution_ratio": 100.0,
      "energy_per_request": 0.0015224019754045677,
      "co2_estimate": 35.47196602692643,
      "burst_handling_efficiency": 100.0,
      "scaling_accuracy": 22.716000000000008,
      "elasticity_score": 80.0,
      "total_energy": 152.24019754045676,
      "tpi": 45.639,
      "agi": 18.005450994699228
    },
    "FaaSCache": {
      "cold_start_rate": 100.0,
      "avg_cold_start_overhead": 11.132240791507678,
      "avg_wasted_memory_time": 0.0,
      "total_invocations": 100000.0,
      "total_cold_starts": 100000.0,
      "total_warm_starts": 0.0,
      "total_cold_overhead": 1113224.0791507678,
      "total_wmt": 0.0
    },
    "Hist": {
      "cold_start_rate": 61.641999999999996,
      "avg_cold_start_overhead": 6.9291572310236065,
      "avg_wasted_memory_time": 25.70513022275954,
      "total_invocations": 100000.0,
      "total_cold_starts": 61642.0,
      "total_warm_starts": 38358.0,
      "total_cold_overhead": 692915.7231023606,
      "total_wmt": 2570513.022275954
    }
  },
  "Random": {
    "CASR": {
      "cold_start_rate": 80.793,
      "avg_cold_start_overhead": 11.657562364937304,
      "p95_latency": 33.08549156436002,
      "p99_latency": 45.186738454406964,
      "container_utilization_rate": 19.207,
      "resource_utilization_efficiency": 86.08919184643892,
      "avg_wasted_memory_time": 0.0,
      "avg_response_time": 10.346995161024555,
      "sla_violation_rate": 70.20100000000001,
      "throughput": 27.777963593798248,
      "successful_execution_ratio": 100.0,
      "energy_per_request": 0.001616717993909927,
      "co2_estimate": 37.6695292581013,
      "burst_handling_efficiency": 100.0,
      "scaling_accuracy": 65.30666666666666,
      "elasticity_score": 86.0,
      "total_energy": 161.6717993909927,
      "tpi": 44.23,
      "agi": 0.0
    },
    "TASCAR": {
      "cold_start_rate": 69.417,
      "avg_cold_start_overhead": 12.162677180735715,
      "p95_latency": 32.22923329818128,
      "p99_latency": 45.186738454406964,
      "container_utilization_rate": 30.583,
      "resource_utilization_efficiency": 87.80911001964559,
      "avg_wasted_memory_time": 0.0,
      "avg_response_time": 9.371466418071796,
      "sla_violation_rate": 60.106,
      "throughput": 27.777963593798248,
      "successful_execution_ratio": 100.0,
      "energy_per_request": 0.0014642916278235492,
      "co2_estimate": 34.117994928288695,
      "burst_handling_efficiency": 100.0,
      "scaling_accuracy": 22.716000000000008,
      "elasticity_score": 80.0,
      "total_energy": 146.42916278235492,
      "tpi": 49.351,
      "agi": 14.080427759830682
    },
    "FaaSCache": {
      "cold_start_rate": 100.0,
      "avg_cold_start_overhead": 10.686492033876545,
      "avg_wasted_memory_time": 0.0,
      "total_invocations": 100000.0,
      "total_cold_starts": 100000.0,
      "total_warm_starts": 0.0,
      "total_cold_overhead": 1068649.2033876546,
      "total_wmt": 0.0
    },
    "Hist": {
      "cold_start_rate": 61.471,
      "avg_cold_start_overhead": 6.59020443733789,
      "avg_wasted_memory_time": 12.711527371263877,
      "total_invocations": 100000.0,
      "total_cold_starts": 61471.0,
      "total_warm_starts": 38529.0,
      "total_cold_overhead": 659020.443733789,
      "total_wmt": 1271152.7371263877
    }
  },
  "rl_metrics": {
    "training_time_seconds": 4512.317917346954,
    "convergence_episode": -1,
    "best_reward": -0.13511712459519581,
    "total_samples": 50000,
    "sample_efficiency": -0.02702342491903916,
    "final_cumulative_reward": -309.99918979569
  }
}