{
  "Common": {
    "CASR": {
      "cold_start_rate": 89.105,
      "avg_cold_start_overhead": 10.091649263956866,
      "p95_latency": 28.367296784955986,
      "p99_latency": 42.97160566462911,
      "container_utilization_rate": 10.895000000000001,
      "resource_utilization_efficiency": 84.8745130326089,
      "avg_wasted_memory_time": 0.0,
      "avg_response_time": 9.989506590663769,
      "sla_violation_rate": 76.715,
      "throughput": 27.777822074516347,
      "successful_execution_ratio": 100.0,
      "energy_per_request": 0.0015608604047913257,
      "co2_estimate": 36.36804743163789,
      "burst_handling_efficiency": 100.0,
      "scaling_accuracy": 48.14500000000001,
      "elasticity_score": 90.0,
      "total_energy": 156.08604047913258,
      "tpi": 40.667,
      "agi": 0.0
    },
    "TASCAR": {
      "cold_start_rate": 72.101,
      "avg_cold_start_overhead": 10.22809465342247,
      "p95_latency": 26.971249028794244,
      "p99_latency": 40.12726663395716,
      "container_utilization_rate": 27.899,
      "resource_utilization_efficiency": 87.39715539748265,
      "avg_wasted_memory_time": 0.0,
      "avg_response_time": 8.371901040079432,
      "sla_violation_rate": 61.349,
      "throughput": 27.777822074516347,
      "successful_execution_ratio": 100.0,
      "energy_per_request": 0.0013081095375124556,
      "co2_estimate": 30.478952224040217,
      "burst_handling_efficiency": 100.0,
      "scaling_accuracy": 22.716000000000008,
      "elasticity_score": 80.0,
      "total_energy": 130.81095375124556,
      "tpi": 48.37,
      "agi": 19.08310420290669
    }
  },
  "Significant": {
    "CASR": {
      "cold_start_rate": 91.336,
      "avg_cold_start_overhead": 11.18761279333415,
      "p95_latency": 30.032205042299978,
      "p99_latency": 50.78237178811925,
      "container_utilization_rate": 8.664,
      "resource_utilization_efficiency": 84.55429738773852,
      "avg_wasted_memory_time": 0.0,
      "avg_response_time": 11.210641582963309,
      "sla_violation_rate": 82.488,
      "throughput": 27.77790320803226,
      "successful_execution_ratio": 100.0,
      "energy_per_request": 0.0017516627473379302,
      "co2_estimate": 40.813742012973776,
      "burst_handling_efficiency": 100.0,
      "scaling_accuracy": 60.20555555555557,
      "elasticity_score": 92.0,
      "total_energy": 175.16627473379302,
      "tpi": 38.907,
      "agi": 0.0
    },
    "TASCAR": {
      "cold_start_rate": 76.102,
      "avg_cold_start_overhead": 11.46171531776805,
      "p95_latency": 29.052991339968873,
      "p99_latency": 49.73020868496683,
      "container_utilization_rate": 23.898,
      "resource_utilization_efficiency": 86.79018646013846,
      "avg_wasted_memory_time": 0.0,
      "avg_response_time": 9.714918153171187,
      "sla_violation_rate": 68.82300000000001,
      "throughput": 27.77790320803226,
      "successful_execution_ratio": 100.0,
      "energy_per_request": 0.0015179559614329446,
      "co2_estimate": 35.36837390138761,
      "burst_handling_efficiency": 100.0,
      "scaling_accuracy": 22.716000000000008,
      "elasticity_score": 80.0,
      "total_energy": 151.79559614329446,
      "tpi": 45.784,
      "agi": 16.679075063501788
    }
  },
  "Random": {
    "CASR": {
      "cold_start_rate": 79.964,
      "avg_cold_start_overhead": 11.762631467786786,
      "p95_latency": 31.740362985110906,
      "p99_latency": 49.78540885123833,
      "container_utilization_rate": 20.036,
      "resource_utilization_efficiency": 86.21224765686792,
      "avg_wasted_memory_time": 0.0,
      "avg_response_time": 10.43176656670781,
      "sla_violation_rate": 69.88499999999999,
      "throughput": 27.778476581313704,
      "successful_execution_ratio": 100.0,
      "energy_per_request": 0.0016299635260482693,
      "co2_estimate": 37.97815015692468,
      "burst_handling_efficiency": 100.0,
      "scaling_accuracy": 65.30666666666666,
      "elasticity_score": 86.0,
      "total_energy": 162.99635260482694,
      "tpi": 44.519,
      "agi": 0.0
    },
    "TASCAR": {
      "cold_start_rate": 71.018,
      "avg_cold_start_overhead": 12.209190750626771,
      "p95_latency": 31.5670798606405,
      "p99_latency": 49.78540885123833,
      "container_utilization_rate": 28.982000000000003,
      "resource_utilization_efficiency": 87.56291395377632,
      "avg_wasted_memory_time": 0.0,
      "avg_response_time": 9.696619027086639,
      "sla_violation_rate": 61.882000000000005,
      "throughput": 27.778476581313704,
      "successful_execution_ratio": 100.0,
      "energy_per_request": 0.0015150967229825315,
      "co2_estimate": 35.30175364549299,
      "burst_handling_efficiency": 100.0,
      "scaling_accuracy": 22.716000000000008,
      "elasticity_score": 80.0,
      "total_energy": 151.50967229825315,
      "tpi": 48.559,
      "agi": 11.187534390475712
    }
  },
  "rl_metrics": {
    "training_time_seconds": 4512.317917346954,
    "convergence_episode": -1,
    "best_reward": -0.13511712459519581,
    "total_samples": 50000,
    "sample_efficiency": -0.02702342491903916,
    "final_cumulative_reward": -309.99918979569
  }
}