{
  "Common": {
    "n": 7,
    "casr_mean": 89.44857142857144,
    "casr_std": 1.2892962484729906,
    "tascar_mean": 71.61957142857143,
    "tascar_std": 0.28622761029984434,
    "mean_diff": 17.829,
    "std_diff": 1.228537341719818,
    "ci_95_lower": 16.601755595370353,
    "ci_95_upper": 19.05624440462965,
    "t_stat": 35.54792446352939,
    "t_pval": 3.303830756668935e-08,
    "t_sig": "*** (p<0.001)",
    "w_stat": 28.0,
    "w_pval": 0.0078125,
    "w_sig": "** (p<0.01)",
    "cohens_d": 19.091606068034466,
    "effect_size": "large"
  },
  "Significant": {
    "n": 7,
    "casr_mean": 93.42842857142857,
    "casr_std": 1.2611184216676035,
    "tascar_mean": 74.89442857142856,
    "tascar_std": 0.21736595681861798,
    "mean_diff": 18.533999999999992,
    "std_diff": 1.294237337474963,
    "ci_95_lower": 17.241124743595158,
    "ci_95_upper": 19.826875256404826,
    "t_stat": 35.077679787322346,
    "t_pval": 3.57744287059289e-08,
    "t_sig": "*** (p<0.001)",
    "w_stat": 28.0,
    "w_pval": 0.0078125,
    "w_sig": "** (p<0.01)",
    "cohens_d": 20.4819486845527,
    "effect_size": "large"
  },
  "Random": {
    "n": 7,
    "casr_mean": 82.96771428571427,
    "casr_std": 5.308784814256614,
    "tascar_mean": 71.16214285714285,
    "tascar_std": 0.5021651488650899,
    "mean_diff": 11.805571428571428,
    "std_diff": 5.225657986106159,
    "ci_95_lower": 6.585413028681607,
    "ci_95_upper": 17.025729828461248,
    "t_stat": 5.5337770284364725,
    "t_pval": 0.0014680145809688276,
    "t_sig": "** (p<0.01)",
    "w_stat": 28.0,
    "w_pval": 0.0078125,
    "w_sig": "** (p<0.01)",
    "cohens_d": 3.130924531769719,
    "effect_size": "large"
  }
}